{
    "accuracy": 0.9534883720930233,
    "precision": 0.9534883720930233,
    "recall": 0.9534883720930233,
    "f1": 0.9534883720930233,
    "auc": 0.9928728070175439,
    "fpr": [
        0.0,
        0.0,
        0.0,
        0.020833333333333332,
        0.020833333333333332,
        0.08333333333333333,
        0.08333333333333333,
        0.125,
        0.125,
        1.0
    ],
    "tpr": [
        0.0,
        0.13157894736842105,
        0.868421052631579,
        0.868421052631579,
        0.9473684210526315,
        0.9473684210526315,
        0.9736842105263158,
        0.9736842105263158,
        1.0,
        1.0
    ],
    "confusion_matrix": [
        [
            46,
            2
        ],
        [
            2,
            36
        ]
    ]
}