{
    "accuracy": 0.9534883720930233,
    "precision": 0.9534883720930233,
    "recall": 0.9534883720930233,
    "f1": 0.9534883720930233,
    "auc": 0.9928728070175439,
    "fpr": 