{
    "train_losses": [
        0.6048964628806481,
        0.33101604535029483,
        0.2102055950806691,
        0.150388526228758,
        0.12732253051721132,
        0.10629925532982899,
        0.0959251826772323,
        0.08616973345096295,
        0.07795431436254428,
        0.07237127666863111,
        0.06981994011081182,
        0.06780311264670812,
        0.06345712995299926,
        0.05549027777921695,
        0.05188115055744465,
        0.05405148326490934,
        0.045721685084012836,
        0.04871427052869247,
        0.048615084746136114,
        0.04398930158752661,
        0.0410341490060091
    ],
    "train_accs": [
        64.321608040201,
        92.21105527638191,
        93.96984924623115,
        95.97989949748744,
        96.23115577889448,
        95.97989949748744,
        97.23618090452261,
        97.48743718592965,
        97.73869346733669,
        98.24120603015075,
        97.98994974874371,
        97.98994974874371,
        98.24120603015075,
        98.74371859296483,
        98.99497487437186,
        99.2462311557789,
        98.99497487437186,
        98.99497487437186,
        98.99497487437186,
        98.74371859296483,
        98.74371859296483
    ],
    "val_losses": [
        0.3904297153155009,
        0.21821309626102448,
        0.1473581666747729,
        0.11582926164070766,
        0.0981362412373225,
        0.08740616838137309,
        0.07915034020940463,
        0.07347264265020688,
        0.06903896977504094,
        0.06557372709115346,
        0.062621779118975,
        0.059685252606868744,
        0.05755136782924334,
        0.055870103339354195,
        0.053977212558190026,
        0.0522906631231308,
        0.05157149086395899,
        0.05009132934113344,
        0.04835974549253782,
        0.0475075434272488,
        0.04687269249310096
    ],
    "val_accs": [
        91.76470588235294,
        95.29411764705883,
        95.29411764705883,
        95.29411764705883,
        96.47058823529412,
        97.6470588235294,
        97.6470588235294,
        97.6470588235294,
        97.6470588235294,
        97.6470588235294,
        98.82352941176471,
        98.82352941176471,
        98.82352941176471,
        98.82352941176471,
        98.82352941176471,
        98.82352941176471,
        98.82352941176471,
        98.82352941176471,
        98.82352941176471,
        98.82352941176471,
        98.82352941176471
    ],
    "best_val_acc": 98.82352941176471,
    "total_epochs": 21,
    "config": {
        "data": {
            "data_path": "../data/breast_cancer.csv",
            "label_column": "diagnosis",
            "train_ratio": 0.7,
            "val_ratio": 0.15,
            "batch_size": 32,
            "normalize": true,
            "num_workers": 4,
            "pin_memory": true
        },
        "model": {
            "type": "MLP",
            "input_size": 30,
            "hidden_size": 128,
            "num_classes": 2,
            "dropout_rate": 0.3,
            "pretrained_path": null
        },
        "training": {
            "learning_rate": 0.001,
            "num_epochs": 50,
            "device": "cuda",
            "early_stopping_patience": 10,
            "checkpoint_interval": 10,
            "plot_interval": 5
        },
        "evaluation": {
            "bootstrap_iterations": 1000,
            "cv_folds": 5
        },
        "optimization": {
            "n_trials": 20,
            "timeout": 7200
        },
        "save_dir": "experiments/20241219_211554"
    }
}